"geneCount","SEQUENCE","genotypeCount","GENE_SYMBOL"
"255","AAACTTACTCCAGAGCTCCTTGTGCATCTGACCAGCACCATCGACAGAATAAACACAGAA",15,"PDE4DIP"
"255","AACAGAGTCCTCAGGGAAGAAAATCGAAGACTTCAGGCTCAACTGAGTCATGTTTCCAGA",15,"PDE4DIP"
"255","GCACCTGTGTTCTTTGAGTTCACATCATGAATGTGGTGATTTCCCAGATACCATCTCAGG",15,"PDE4DIP"
"255","ATGGGGTGCTCTGGGGAAATATTGGAGGGTCATCCATTCCACATTAAAAGAGCAAGTTGT",15,"PDE4DIP"
"255","AAGTGCTTGGAAATACTTGGGTGAATGTTACCAGACTCCTTCTCTCTCAGCTTACAGCCT",15,"PDE4DIP"
"255","AATCTACGAGGCACTTTATGGCAATTCCAAGAAGGGGCTGAAAGGTATGTGTTCTTCTCC",15,"PDE4DIP"
"255","CAAAAACTGGGAAGATGTACCAGGAGACCAGGTCAAGCCCGACCAATACACTGAGGCCCT",15,"PDE4DIP"
"255","CAGGACAAGTTCCTTCTAAAATCAATCCTTTGCTTTGGCCTGGAAGACCGAACATATTAG",15,"PDE4DIP"
"255","CCTTTCTGACAGCTATGGAATACCGTTAGCCAAGGTCCACTTGGCCCAGCACTAAGAAAA",15,"PDE4DIP"
"255","CTACCAAAGCTGTGTATTTTTCATTTCTTCATGGCACTGTGCTGTTAATTTCTGTTAACA",15,"PDE4DIP"
"255","CTATGGAATACGATTAGCCAAGGTCCACTTGGCCCAGCACTAAGAAGAAGATGCATAGTT",15,"PDE4DIP"
"255","TTTTAAAGAAGGCAAGCACTAACTTAGAGGAACCATGCAAGAAGCGCAGCCACCAGAAGT",15,"PDE4DIP"
"255","TTCCATCACCTTTCCTTGAAAATATATCTTCAGCTTTGGGTAGGAGGAATCTTGGTGTAT",15,"PDE4DIP"
"255","GAAGCTGCTGCTATCAGAAGCCACTGTCTTTGCTCAGGCGAACGAGCTGGAGAAATACAG",15,"PDE4DIP"
"255","CAAAAAATGGACTAGAAGAGAAGCTGGCTGAGGAGCTGAGATCAGCCTCGTGGCCTGGGT",15,"PDE4DIP"
"255","GTGTTGAGTCAGTGGGGACCAGCCTGCCCACAGGAGAAAATTAAAAGACACAAAAACAAA",15,"PDE4DIP"
"255","TCCCAGATACCATTTCAGGCTTAACCTAGCACATCCTATTTCTTTTCTTCTATGATATCC",15,"PDE4DIP"
"70","AAGGATTTGGTTGTAAGGGCTCCCGCTTTCACAGAATTATTCCAGGGTTTATGTGTCAGG",5,"HSD17B7"
"70","AAGGATTTGGTTGTAAGGGCTCCCGCTTTCACAGAATTATTCCAGGGTTTATGTGTCAGG",5,"PPIA"
"70","ATTTGCCTTGTTTATTGTGAGCATGGAATACTTCTGGAAGCTTTCCTAGTAGATTTTTCT",5,"HSD17B7"
"70","ATTTGCCTTGTTTATTGTGAGCATGGAATACTTCTGGAAGCTTTCCTAGTAGATTTTTCT",5,"PPIA"
"70","AGGTCAAGTTTATACATCTTAATTATGGTGGAATTCCTATGTAGAGTCTAAAAAGCCAGG",5,"HSD17B7"
"70","AGGTCAAGTTTATACATCTTAATTATGGTGGAATTCCTATGTAGAGTCTAAAAAGCCAGG",5,"PPIA"
"70","AAGGATTTGCTTATAAGGGTTCCTGCTTTCACAAAATTATTCCAGGTTTTATGTGTCAGG",5,"HSD17B7"
"70","AAGGATTTGCTTATAAGGGTTCCTGCTTTCACAAAATTATTCCAGGTTTTATGTGTCAGG",5,"PPIA"
"70","ACCCTACAGCTCTTCCAAATATGCCACTGACCTTTTGAGTGTGGCTTTGAACAGGAACTT",5,"HSD17B7"
"70","ACCCTACAGCTCTTCCAAATATGCCACTGACCTTTTGAGTGTGGCTTTGAACAGGAACTT",5,"PPIA"
"70","TTTGGCGTGCAGGAATATGAGCAAGGCAGAAGCTGTCTGTGCTGCTCTGCTGGCCTCTCA",5,"HSD17B7"
"70","TTTGGCGTGCAGGAATATGAGCAAGGCAGAAGCTGTCTGTGCTGCTCTGCTGGCCTCTCA",5,"PPIA"
"70","GTGGACAACTCGAATAAGTTTGACTTGTGTTTTATCTTAACCACCAGATCATTCCTTCTG",5,"HSD17B7"
"70","GTGGACAACTCGAATAAGTTTGACTTGTGTTTTATCTTAACCACCAGATCATTCCTTCTG",5,"PPIA"
"70","ATCTTGTCCATGGCAAATGCTGGACCCAACACAAATGGTTCCCAGTTTTTCATCTGCACT",50,"HSD17B7"
"70","ATCTTGTCCATGGCAAATGCTGGACCCAACACAAATGGTTCCCAGTTTTTCATCTGCACT",50,"PPIA"
"70","ACGCTGTTGATGCCGGCAATATTGCTACTTCGCTTTTTTGCAAATGCATTCACTTTGACA",50,"HSD17B7"
"70","ACGCTGTTGATGCCGGCAATATTGCTACTTCGCTTTTTTGCAAATGCATTCACTTTGACA",50,"PPIA"
"70","TTGAGGAAGTCTGTATAGGGTGACCCATTGTGTCTCAGTACCACGTTTTCTTTCTTTTTT",5,"HSD17B7"
"70","TTGAGGAAGTCTGTATAGGGTGACCCATTGTGTCTCAGTACCACGTTTTCTTTCTTTTTT",5,"PPIA"
"81","ACAAGTGTTACCATGGCAAAACTGGAAGAGTCTACAATGTTACCCAGCATGCTGTTGGCA",9,"RPL21"
"81","GAACACAAAGAGAAAGAGGAGGGGCACCCGATATATGTTCTTTAGGCCTTTTAGAAAACA",9,"RPL21"
"81","TTAAGCACTCTAAGAGCCGAGATAGCTTCCTGAAATGTGTGAAGGAAAATGATCAGAAAA",9,"RPL21"
"81","GGAAGGAGTCTGAGCTGCTGGAACCTATTCCCTATGAATTCATGGCATAATAGGTGTTAA",9,"RPL21"
"81","GGCCACATATATGCTAATCTATAAGAAAGGTGATATTGCAGACATCAAGGGAAGGGGTAC",9,"RPL21"
"81","AATGATCAGAAAAAGAAAGAAGCCAAAGAGAAAGGTACCTGGGTTCAACTGAAGTGCCAG",9,"RPL21"
"81","GTTACCCAGCATGCTGTTGGCATTGTTGTAAACAAACAAGTTAAAGGCAAGATTCTTGCC",9,"RPL21"
"81","GTTGTAAACAAACAAGTTAAGGGCAAGATTCTTGCCAAGAGAATTAATGTGCGTATTGAG",9,"RPL21"
"81","CTGTTCCTTTGGCGACGTATATGCGAATCTATAAGAAAGGTGATATTGTAGACATCAAGG",9,"RPL21"
"90","TGGTATAAAAGGCAAAATGGCATTGAGGATGAATCACATGAATACAGACCAAGAACAAGC",6,"FRY"
"90","ATATGTAAAGGGCCATTCTTAAGTTCTCTCCTTAAACTTAATGCTGTCAAGTGTTAGATG",60,"FRY"
"90","ATCCGGGACATGATCCGCAGGGCCCAGAGTTACCGAGTCCTCACTACTTTTCTTCCAGAC",6,"FRY"
"90","ATGGAGATTACAACTGCTTGTTGGAGACGATCCTGTGTGATCAGCTTCATAAAAGGGCTT",6,"FRY"
"90","GAGGTTTCTTCGTTTTGGAAAAGTAGAGGTATAAAATAACCTTTTTTGCTGGATACTGTC",6,"FRY"
"90","ATGGATGACACAAACAGCGAGCAGCAGTTTAGAGTCTTCAGAGACTTCGACTTCCTAGAT",6,"FRY"
